date,benchmark_MMLU-Pro,arxiv_cs_AI,arxiv_cs_LG,arxiv_total,nvda_price,nvda_volume,nvda_return,epochai_training_compute,year,month,quarter,months_elapsed
1950-07-01,,,,,,,,120.0,1950,7,3,0.0
1950-08-01,,,,,,,,,1950,8,3,1.0183968462549278
1950-09-01,,,,,,,,,1950,9,3,2.0367936925098555
1950-10-01,,,,,,,,,1950,10,4,3.0223390275952693
1950-11-01,,,,,,,,,1950,11,4,4.040735873850197
1950-12-01,,,,,,,,,1950,12,4,5.026281208935611
1951-01-01,,,,,,,,,1951,1,1,6.044678055190539
1951-02-01,,,,,,,,,1951,2,1,7.063074901445466
1951-03-01,,,,,,,,,1951,3,1,7.982917214191852
1951-04-01,,,,,,,,,1951,4,2,9.00131406044678
1951-05-01,,,,,,,,,1951,5,2,9.986859395532194
1951-06-01,,,,,,,,,1951,6,2,11.005256241787121
1951-07-01,,,,,,,,,1951,7,3,11.990801576872535
1951-08-01,,,,,,,,,1951,8,3,13.009198423127463
1951-09-01,,,,,,,,,1951,9,3,14.027595269382392
1951-10-01,,,,,,,,,1951,10,4,15.013140604467806
1951-11-01,,,,,,,,,1951,11,4,16.031537450722734
1951-12-01,,,,,,,,,1951,12,4,17.017082785808146
1952-01-01,,,,,,,,0.0,1952,1,1,18.035479632063073
1952-02-01,,,,,,,,,1952,2,1,19.053876478318003
1952-03-01,,,,,,,,,1952,3,1,20.006570302233904
1952-04-01,,,,,,,,,1952,4,2,21.02496714848883
1952-05-01,,,,,,,,,1952,5,2,22.010512483574242
1952-06-01,,,,,,,,,1952,6,2,23.028909329829172
1952-07-01,,,,,,,,,1952,7,3,24.014454664914584
1952-08-01,,,,,,,,,1952,8,3,25.03285151116951
1952-09-01,,,,,,,,,1952,9,3,26.05124835742444
1952-10-01,,,,,,,,,1952,10,4,27.036793692509853
1952-11-01,,,,,,,,,1952,11,4,28.055190538764784
1952-12-01,,,,,,,,,1952,12,4,29.040735873850196
1953-01-01,,,,,,,,,1953,1,1,30.059132720105122
1953-02-01,,,,,,,,,1953,2,1,31.077529566360052
1953-03-01,,,,,,,,,1953,3,1,31.99737187910644
1953-04-01,,,,,,,,,1953,4,2,33.01576872536137
1953-05-01,,,,,,,,,1953,5,2,34.00131406044678
1953-06-01,,,,,,,,,1953,6,2,35.019710906701704
1953-07-01,,,,,,,,,1953,7,3,36.00525624178712
1953-08-01,,,,,,,,,1953,8,3,37.023653088042046
1953-09-01,,,,,,,,,1953,9,3,38.042049934296976
1953-10-01,,,,,,,,,1953,10,4,39.02759526938239
1953-11-01,,,,,,,,,1953,11,4,40.04599211563732
1953-12-01,,,,,,,,,1953,12,4,41.03153745072273
1954-01-01,,,,,,,,,1954,1,1,42.04993429697766
1954-02-01,,,,,,,,,1954,2,1,43.068331143232584
1954-03-01,,,,,,,,,1954,3,1,43.98817345597897
1954-04-01,,,,,,,,,1954,4,2,45.006570302233904
1954-05-01,,,,,,,,,1954,5,2,45.992115637319316
1954-06-01,,,,,,,,,1954,6,2,47.010512483574246
1954-07-01,,,,,,,,0.0,1954,7,3,47.99605781865966
1954-08-01,,,,,,,,,1954,8,3,49.01445466491458
1954-09-01,,,,,,,,,1954,9,3,50.03285151116951
1954-10-01,,,,,,,,,1954,10,4,51.01839684625492
1954-11-01,,,,,,,,,1954,11,4,52.03679369250985
1954-12-01,,,,,,,,,1954,12,4,53.022339027595265
1955-01-01,,,,,,,,,1955,1,1,54.040735873850196
1955-02-01,,,,,,,,,1955,2,1,55.059132720105126
1955-03-01,,,,,,,,0.0,1955,3,1,55.97897503285151
1955-04-01,,,,,,,,,1955,4,2,56.99737187910644
1955-05-01,,,,,,,,,1955,5,2,57.98291721419185
1955-06-01,,,,,,,,,1955,6,2,59.00131406044678
1955-07-01,,,,,,,,,1955,7,3,59.98685939553219
1955-08-01,,,,,,,,,1955,8,3,61.00525624178712
1955-09-01,,,,,,,,,1955,9,3,62.023653088042046
1955-10-01,,,,,,,,,1955,10,4,63.00919842312746
1955-11-01,,,,,,,,,1955,11,4,64.02759526938239
1955-12-01,,,,,,,,,1955,12,4,65.01314060446781
1956-01-01,,,,,,,,,1956,1,1,66.03153745072274
1956-02-01,,,,,,,,,1956,2,1,67.04993429697765
1956-03-01,,,,,,,,,1956,3,1,68.00262812089356
1956-04-01,,,,,,,,,1956,4,2,69.02102496714849
1956-05-01,,,,,,,,,1956,5,2,70.0065703022339
1956-06-01,,,,,,,,,1956,6,2,71.02496714848883
1956-07-01,,,,,,,,,1956,7,3,72.01051248357425
1956-08-01,,,,,,,,,1956,8,3,73.02890932982918
1956-09-01,,,,,,,,,1956,9,3,74.04730617608409
1956-10-01,,,,,,,,,1956,10,4,75.03285151116951
1956-11-01,,,,,,,,,1956,11,4,76.05124835742444
1956-12-01,,,,,,,,,1956,12,4,77.03679369250985
1957-01-01,,,,,,,,2084684.8132085456,1957,1,1,78.05519053876478
1957-02-01,,,,,,,,,1957,2,1,79.0735873850197
1957-03-01,,,,,,,,,1957,3,1,79.99342969776609
1957-04-01,,,,,,,,,1957,4,2,81.01182654402102
1957-05-01,,,,,,,,,1957,5,2,81.99737187910644
1957-06-01,,,,,,,,,1957,6,2,83.01576872536137
1957-07-01,,,,,,,,,1957,7,3,84.00131406044677
1957-08-01,,,,,,,,,1957,8,3,85.0197109067017
1957-09-01,,,,,,,,,1957,9,3,86.03810775295663
1957-10-01,,,,,,,,,1957,10,4,87.02365308804205
1957-11-01,,,,,,,,,1957,11,4,88.04204993429697
1957-12-01,,,,,,,,,1957,12,4,89.02759526938239
1958-01-01,,,,,,,,,1958,1,1,90.04599211563732
1958-02-01,,,,,,,,,1958,2,1,91.06438896189225
1958-03-01,,,,,,,,,1958,3,1,91.98423127463863
1958-04-01,,,,,,,,,1958,4,2,93.00262812089356
1958-05-01,,,,,,,,,1958,5,2,93.98817345597897
1958-06-01,,,,,,,,,1958,6,2,95.0065703022339
1958-07-01,,,,,,,,,1958,7,3,95.99211563731932
1958-08-01,,,,,,,,,1958,8,3,97.01051248357425
1958-09-01,,,,,,,,,1958,9,3,98.02890932982916
1958-10-01,,,,,,,,,1958,10,4,99.01445466491458
1958-11-01,,,,,,,,,1958,11,4,100.03285151116951
1958-12-01,,,,,,,,,1958,12,4,101.01839684625493
1959-01-01,,,,,,,,,1959,1,1,102.03679369250985
1959-02-01,,,,,,,,1800000000.0,1959,2,1,103.05519053876478
1959-03-01,,,,,,,,,1959,3,1,103.97503285151116
1959-04-01,,,,,,,,,1959,4,2,104.99342969776609
1959-05-01,,,,,,,,,1959,5,2,105.97897503285151
1959-06-01,,,,,,,,,1959,6,2,106.99737187910644
1959-07-01,,,,,,,,1285200000.0,1959,7,3,107.98291721419184
1959-08-01,,,,,,,,,1959,8,3,109.00131406044677
1959-09-01,,,,,,,,,1959,9,3,110.0197109067017
1959-10-01,,,,,,,,,1959,10,4,111.00525624178712
1959-11-01,,,,,,,,,1959,11,4,112.02365308804204
1959-12-01,,,,,,,,0.0,1959,12,4,113.00919842312746
1960-01-01,,,,,,,,,1960,1,1,114.02759526938239
1960-02-01,,,,,,,,,1960,2,1,115.04599211563732
1960-03-01,,,,,,,,2160000000.0,1960,3,1,115.99868593955321
1960-04-01,,,,,,,,,1960,4,2,117.01708278580814
1960-05-01,,,,,,,,,1960,5,2,118.00262812089356
1960-06-01,,,,,,,,19800.0,1960,6,2,119.02102496714848
1960-07-01,,,,,,,,,1960,7,3,120.0065703022339
1960-08-01,,,,,,,,,1960,8,3,121.02496714848883
1960-09-01,,,,,,,,,1960,9,3,122.04336399474376
1960-10-01,,,,,,,,,1960,10,4,123.02890932982916
1960-11-01,,,,,,,,,1960,11,4,124.04730617608409
1960-12-01,,,,,,,,,1960,12,4,125.03285151116951
1961-01-01,,,,,,,,,1961,1,1,126.05124835742444
1961-02-01,,,,,,,,,1961,2,1,127.06964520367936
1961-03-01,,,,,,,,,1961,3,1,127.98948751642575
1961-04-01,,,,,,,,,1961,4,2,129.00788436268067
1961-05-01,,,,,,,,,1961,5,2,129.9934296977661
1961-06-01,,,,,,,,,1961,6,2,131.01182654402103
1961-07-01,,,,,,,,,1961,7,3,131.99737187910642
1961-08-01,,,,,,,,,1961,8,3,133.01576872536137
1961-09-01,,,,,,,,0.0,1961,9,3,134.03416557161628
1961-10-01,,,,,,,,,1961,10,4,135.0197109067017
1961-11-01,,,,,,,,,1961,11,4,136.03810775295662
1961-12-01,,,,,,,,,1961,12,4,137.02365308804204
1962-01-01,,,,,,,,,1962,1,1,138.04204993429698
1962-02-01,,,,,,,,,1962,2,1,139.0604467805519
1962-03-01,,,,,,,,,1962,3,1,139.9802890932983
1962-04-01,,,,,,,,,1962,4,2,140.9986859395532
1962-05-01,,,,,,,,,1962,5,2,141.98423127463863
1962-06-01,,,,,,,,4677750.0,1962,6,2,143.00262812089355
1962-07-01,,,,,,,,0.0,1962,7,3,143.98817345597897
1962-08-01,,,,,,,,,1962,8,3,145.0065703022339
1962-09-01,,,,,,,,,1962,9,3,146.02496714848883
1962-10-01,,,,,,,,,1962,10,4,147.01051248357425
1962-11-01,,,,,,,,,1962,11,4,148.02890932982916
1962-12-01,,,,,,,,,1962,12,4,149.01445466491458
1963-01-01,,,,,,,,67500000.0,1963,1,1,150.0328515111695
1963-02-01,,,,,,,,,1963,2,1,151.05124835742444
1963-03-01,,,,,,,,,1963,3,1,151.9710906701708
1963-04-01,,,,,,,,,1963,4,2,152.98948751642575
1963-05-01,,,,,,,,,1963,5,2,153.97503285151117
1963-06-01,,,,,,,,0.0,1963,6,2,154.9934296977661
1963-07-01,,,,,,,,,1963,7,3,155.9789750328515
1963-08-01,,,,,,,,,1963,8,3,156.99737187910642
1963-09-01,,,,,,,,,1963,9,3,158.01576872536137
1963-10-01,,,,,,,,,1963,10,4,159.0013140604468
1963-11-01,,,,,,,,0.0,1963,11,4,160.0197109067017
1963-12-01,,,,,,,,,1963,12,4,161.00525624178712
1964-01-01,,,,,,,,,1964,1,1,162.02365308804204
1964-02-01,,,,,,,,,1964,2,1,163.04204993429698
1964-03-01,,,,,,,,,1964,3,1,163.99474375821288
1964-04-01,,,,,,,,,1964,4,2,165.0131406044678
1964-05-01,,,,,,,,,1964,5,2,165.9986859395532
1964-06-01,,,,,,,,,1964,6,2,167.01708278580813
1964-07-01,,,,,,,,,1964,7,3,168.00262812089355
1964-08-01,,,,,,,,,1964,8,3,169.0210249671485
1964-09-01,,,,,,,,,1964,9,3,170.0394218134034
1964-10-01,,,,,,,,,1964,10,4,171.02496714848883
1964-11-01,,,,,,,,,1964,11,4,172.04336399474374
1964-12-01,,,,,,,,,1964,12,4,173.02890932982916
1965-01-01,,,,,,,,,1965,1,1,174.0473061760841
1965-02-01,,,,,,,,,1965,2,1,175.06570302233902
1965-03-01,,,,,,,,,1965,3,1,175.98554533508542
1965-04-01,,,,,,,,,1965,4,2,177.00394218134034
1965-05-01,,,,,,,,,1965,5,2,177.98948751642575
1965-06-01,,,,,,,,,1965,6,2,179.00788436268067
1965-07-01,,,,,,,,,1965,7,3,179.9934296977661
1965-08-01,,,,,,,,,1965,8,3,181.011826544021
1965-09-01,,,,,,,,,1965,9,3,182.03022339027595
1965-10-01,,,,,,,,2160000.0,1965,10,4,183.01576872536137
1965-11-01,,,,,,,,,1965,11,4,184.03416557161628
1965-12-01,,,,,,,,,1965,12,4,185.0197109067017
1966-01-01,,,,,,,,,1966,1,1,186.03810775295662
1966-02-01,,,,,,,,,1966,2,1,187.05650459921156
1966-03-01,,,,,,,,,1966,3,1,187.97634691195793
1966-04-01,,,,,,,,,1966,4,2,188.99474375821288
1966-05-01,,,,,,,,,1966,5,2,189.9802890932983
1966-06-01,,,,,,,,,1966,6,2,190.9986859395532
1966-07-01,,,,,,,,,1966,7,3,191.98423127463863
1966-08-01,,,,,,,,,1966,8,3,193.00262812089355
1966-09-01,,,,,,,,,1966,9,3,194.0210249671485
1966-10-01,,,,,,,,,1966,10,4,195.00657030223388
1966-11-01,,,,,,,,317751180.0,1966,11,4,196.02496714848883
1966-12-01,,,,,,,,,1966,12,4,197.01051248357425
1967-01-01,,,,,,,,,1967,1,1,198.02890932982916
1967-02-01,,,,,,,,,1967,2,1,199.04730617608408
1967-03-01,,,,,,,,,1967,3,1,199.96714848883047
1967-04-01,,,,,,,,,1967,4,2,200.98554533508542
1967-05-01,,,,,,,,,1967,5,2,201.9710906701708
1967-06-01,,,,,,,,,1967,6,2,202.98948751642575
1967-07-01,,,,,,,,,1967,7,3,203.97503285151117
1967-08-01,,,,,,,,,1967,8,3,204.9934296977661
1967-09-01,,,,,,,,,1967,9,3,206.011826544021
1967-10-01,,,,,,,,,1967,10,4,206.99737187910642
1967-11-01,,,,,,,,,1967,11,4,208.01576872536137
1967-12-01,,,,,,,,,1967,12,4,209.00131406044676
1968-01-01,,,,,,,,,1968,1,1,210.0197109067017
1968-02-01,,,,,,,,,1968,2,1,211.03810775295662
1968-03-01,,,,,,,,,1968,3,1,211.9908015768725
1968-04-01,,,,,,,,,1968,4,2,213.00919842312746
1968-05-01,,,,,,,,,1968,5,2,213.99474375821288
1968-06-01,,,,,,,,,1968,6,2,215.0131406044678
1968-07-01,,,,,,,,0.0,1968,7,3,215.9986859395532
1968-08-01,,,,,,,,,1968,8,3,217.01708278580813
1968-09-01,,,,,,,,,1968,9,3,218.03547963206307
1968-10-01,,,,,,,,,1968,10,4,219.0210249671485
1968-11-01,,,,,,,,,1968,11,4,220.0394218134034
1968-12-01,,,,,,,,,1968,12,4,221.02496714848883
1969-01-01,,,,,,,,,1969,1,1,222.04336399474374
1969-02-01,,,,,,,,,1969,2,1,223.0617608409987
1969-03-01,,,,,,,,,1969,3,1,223.98160315374506
1969-04-01,,,,,,,,,1969,4,2,225.0
1969-05-01,,,,,,,,0.0,1969,5,2,225.9855453350854
1969-06-01,,,,,,,,,1969,6,2,227.00394218134034
1969-07-01,,,,,,,,,1969,7,3,227.98948751642575
1969-08-01,,,,,,,,,1969,8,3,229.00788436268067
1969-09-01,,,,,,,,,1969,9,3,230.02628120893561
1969-10-01,,,,,,,,,1969,10,4,231.011826544021
1969-11-01,,,,,,,,,1969,11,4,232.03022339027595
1969-12-01,,,,,,,,,1969,12,4,233.01576872536137
1970-01-01,,,,,,,,,1970,1,1,234.03416557161628
1970-02-01,,,,,,,,,1970,2,1,235.0525624178712
1970-03-01,,,,,,,,,1970,3,1,235.9724047306176
1970-04-01,,,,,,,,,1970,4,2,236.9908015768725
1970-05-01,,,,,,,,,1970,5,2,237.97634691195793
1970-06-01,,,,,,,,,1970,6,2,238.99474375821288
1970-07-01,,,,,,,,,1970,7,3,239.98028909329827
1970-08-01,,,,,,,,,1970,8,3,240.9986859395532
1970-09-01,,,,,,,,0.0,1970,9,3,242.01708278580813
1970-10-01,,,,,,,,,1970,10,4,243.00262812089355
1970-11-01,,,,,,,,,1970,11,4,244.0210249671485
1970-12-01,,,,,,,,,1970,12,4,245.00657030223388
1971-01-01,,,,,,,,,1971,1,1,246.02496714848883
1971-02-01,,,,,,,,,1971,2,1,247.04336399474374
1971-03-01,,,,,,,,,1971,3,1,247.96320630749014
1971-04-01,,,,,,,,,1971,4,2,248.98160315374506
1971-05-01,,,,,,,,,1971,5,2,249.96714848883047
1971-06-01,,,,,,,,,1971,6,2,250.9855453350854
1971-07-01,,,,,,,,,1971,7,3,251.9710906701708
1971-08-01,,,,,,,,,1971,8,3,252.98948751642575
1971-09-01,,,,,,,,,1971,9,3,254.00788436268067
1971-10-01,,,,,,,,,1971,10,4,254.9934296977661
1971-11-01,,,,,,,,,1971,11,4,256.011826544021
1971-12-01,,,,,,,,,1971,12,4,256.9973718791064
1972-01-01,,,,,,,,,1972,1,1,258.01576872536134
1972-02-01,,,,,,,,,1972,2,1,259.03416557161626
1972-03-01,,,,,,,,,1972,3,1,259.9868593955322
1972-04-01,,,,,,,,,1972,4,2,261.0052562417871
1972-05-01,,,,,,,,,1972,5,2,261.9908015768725
1972-06-01,,,,,,,,,1972,6,2,263.00919842312743
1972-07-01,,,,,,,,,1972,7,3,263.99474375821285
1972-08-01,,,,,,,,,1972,8,3,265.0131406044678
1972-09-01,,,,,,,,,1972,9,3,266.03153745072274
1972-10-01,,,,,,,,,1972,10,4,267.01708278580816
1972-11-01,,,,,,,,0.0,1972,11,4,268.0354796320631
1972-12-01,,,,,,,,,1972,12,4,269.0210249671485
1973-01-01,,,,,,,,,1973,1,1,270.0394218134034
1973-02-01,,,,,,,,,1973,2,1,271.0578186596583
1973-03-01,,,,,,,,,1973,3,1,271.9776609724047
1973-04-01,,,,,,,,,1973,4,2,272.99605781865966
1973-05-01,,,,,,,,,1973,5,2,273.9816031537451
1973-06-01,,,,,,,,,1973,6,2,275.0
1973-07-01,,,,,,,,,1973,7,3,275.9855453350854
1973-08-01,,,,,,,,,1973,8,3,277.00394218134034
1973-09-01,,,,,,,,,1973,9,3,278.02233902759525
1973-10-01,,,,,,,,,1973,10,4,279.00788436268067
1973-11-01,,,,,,,,0.0,1973,11,4,280.0262812089356
1973-12-01,,,,,,,,,1973,12,4,281.011826544021
1974-01-01,,,,,,,,,1974,1,1,282.0302233902759
1974-02-01,,,,,,,,,1974,2,1,283.0486202365309
1974-03-01,,,,,,,,,1974,3,1,283.96846254927726
1974-04-01,,,,,,,,,1974,4,2,284.9868593955322
1974-05-01,,,,,,,,,1974,5,2,285.9724047306176
1974-06-01,,,,,,,,,1974,6,2,286.9908015768725
1974-07-01,,,,,,,,,1974,7,3,287.97634691195793
1974-08-01,,,,,,,,,1974,8,3,288.99474375821285
1974-09-01,,,,,,,,,1974,9,3,290.0131406044678
1974-10-01,,,,,,,,,1974,10,4,290.9986859395532
1974-11-01,,,,,,,,,1974,11,4,292.01708278580816
1974-12-01,,,,,,,,,1974,12,4,293.0026281208936
1975-01-01,,,,,,,,,1975,1,1,294.0210249671485
1975-02-01,,,,,,,,,1975,2,1,295.0394218134034
1975-03-01,,,,,,,,,1975,3,1,295.9592641261498
1975-04-01,,,,,,,,,1975,4,2,296.9776609724047
1975-05-01,,,,,,,,,1975,5,2,297.9632063074901
1975-06-01,,,,,,,,,1975,6,2,298.9816031537451
1975-07-01,,,,,,,,,1975,7,3,299.96714848883045
1975-08-01,,,,,,,,,1975,8,3,300.9855453350854
1975-09-01,,,,,,,,10368000.0,1975,9,3,302.00394218134034
1975-10-01,,,,,,,,,1975,10,4,302.98948751642575
1975-11-01,,,,,,,,,1975,11,4,304.00788436268067
1975-12-01,,,,,,,,,1975,12,4,304.9934296977661
1976-01-01,,,,,,,,,1976,1,1,306.011826544021
1976-02-01,,,,,,,,,1976,2,1,307.0302233902759
1976-03-01,,,,,,,,,1976,3,1,307.98291721419184
1976-04-01,,,,,,,,0.0,1976,4,2,309.00131406044676
1976-05-01,,,,,,,,,1976,5,2,309.9868593955322
1976-06-01,,,,,,,,,1976,6,2,311.0052562417871
1976-07-01,,,,,,,,0.0,1976,7,3,311.9908015768725
1976-08-01,,,,,,,,,1976,8,3,313.00919842312743
1976-09-01,,,,,,,,,1976,9,3,314.0275952693824
1976-10-01,,,,,,,,,1976,10,4,315.01314060446776
1976-11-01,,,,,,,,,1976,11,4,316.03153745072274
1976-12-01,,,,,,,,,1976,12,4,317.01708278580816
1977-01-01,,,,,,,,,1977,1,1,318.0354796320631
1977-02-01,,,,,,,,,1977,2,1,319.053876478318
1977-03-01,,,,,,,,,1977,3,1,319.97371879106436
1977-04-01,,,,,,,,,1977,4,2,320.99211563731933
1977-05-01,,,,,,,,,1977,5,2,321.9776609724047
1977-06-01,,,,,,,,,1977,6,2,322.99605781865966
1977-07-01,,,,,,,,,1977,7,3,323.9816031537451
1977-08-01,,,,,,,,,1977,8,3,325.0
1977-09-01,,,,,,,,,1977,9,3,326.0183968462549
1977-10-01,,,,,,,,,1977,10,4,327.00394218134034
1977-11-01,,,,,,,,,1977,11,4,328.02233902759525
1977-12-01,,,,,,,,,1977,12,4,329.00788436268067
1978-01-01,,,,,,,,,1978,1,1,330.0262812089356
1978-02-01,,,,,,,,,1978,2,1,331.0446780551905
1978-03-01,,,,,,,,,1978,3,1,331.9645203679369
1978-04-01,,,,,,,,,1978,4,2,332.98291721419184
1978-05-01,,,,,,,,,1978,5,2,333.96846254927726
1978-06-01,,,,,,,,,1978,6,2,334.9868593955322
1978-07-01,,,,,,,,,1978,7,3,335.9724047306176
1978-08-01,,,,,,,,,1978,8,3,336.9908015768725
1978-09-01,,,,,,,,,1978,9,3,338.00919842312743
1978-10-01,,,,,,,,,1978,10,4,338.99474375821285
1978-11-01,,,,,,,,,1978,11,4,340.01314060446776
1978-12-01,,,,,,,,,1978,12,4,340.9986859395532
1979-01-01,,,,,,,,,1979,1,1,342.01708278580816
1979-02-01,,,,,,,,,1979,2,1,343.0354796320631
1979-03-01,,,,,,,,,1979,3,1,343.95532194480944
1979-04-01,,,,,,,,,1979,4,2,344.97371879106436
1979-05-01,,,,,,,,,1979,5,2,345.9592641261498
1979-06-01,,,,,,,,,1979,6,2,346.9776609724047
1979-07-01,,,,,,,,,1979,7,3,347.9632063074901
1979-08-01,,,,,,,,,1979,8,3,348.9816031537451
1979-09-01,,,,,,,,,1979,9,3,350.0
1979-10-01,,,,,,,,,1979,10,4,350.9855453350854
1979-11-01,,,,,,,,,1979,11,4,352.00394218134034
1979-12-01,,,,,,,,,1979,12,4,352.98948751642575
1980-01-01,,,,,,,,,1980,1,1,354.00788436268067
1980-02-01,,,,,,,,,1980,2,1,355.0262812089356
1980-03-01,,,,,,,,,1980,3,1,355.9789750328515
1980-04-01,,,,,,,,821214720.0,1980,4,2,356.9973718791064
1980-05-01,,,,,,,,,1980,5,2,357.98291721419184
1980-06-01,,,,,,,,,1980,6,2,359.00131406044676
1980-07-01,,,,,,,,,1980,7,3,359.9868593955322
1980-08-01,,,,,,,,,1980,8,3,361.0052562417871
1980-09-01,,,,,,,,,1980,9,3,362.023653088042
1980-10-01,,,,,,,,,1980,10,4,363.00919842312743
1980-11-01,,,,,,,,,1980,11,4,364.0275952693824
1980-12-01,,,,,,,,,1980,12,4,365.01314060446776
1981-01-01,,,,,,,,,1981,1,1,366.03153745072274
1981-02-01,,,,,,,,,1981,2,1,367.04993429697765
1981-03-01,,,,,,,,,1981,3,1,367.969776609724
1981-04-01,,,,,,,,,1981,4,2,368.98817345597894
1981-05-01,,,,,,,,,1981,5,2,369.97371879106436
1981-06-01,,,,,,,,,1981,6,2,370.9921156373193
1981-07-01,,,,,,,,0.0,1981,7,3,371.9776609724047
1981-08-01,,,,,,,,,1981,8,3,372.99605781865966
1981-09-01,,,,,,,,,1981,9,3,374.0144546649146
1981-10-01,,,,,,,,,1981,10,4,375.0
1981-11-01,,,,,,,,,1981,11,4,376.0183968462549
1981-12-01,,,,,,,,,1981,12,4,377.00394218134034
1982-01-01,,,,,,,,,1982,1,1,378.02233902759525
1982-02-01,,,,,,,,,1982,2,1,379.04073587385017
1982-03-01,,,,,,,,,1982,3,1,379.9605781865966
1982-04-01,,,,,,,,0.0,1982,4,2,380.9789750328515
1982-05-01,,,,,,,,,1982,5,2,381.9645203679369
1982-06-01,,,,,,,,,1982,6,2,382.98291721419184
1982-07-01,,,,,,,,,1982,7,3,383.96846254927726
1982-08-01,,,,,,,,,1982,8,3,384.9868593955322
1982-09-01,,,,,,,,,1982,9,3,386.0052562417871
1982-10-01,,,,,,,,,1982,10,4,386.9908015768725
1982-11-01,,,,,,,,,1982,11,4,388.00919842312743
1982-12-01,,,,,,,,,1982,12,4,388.99474375821285
1983-01-01,,,,,,,,,1983,1,1,390.01314060446776
1983-02-01,,,,,,,,,1983,2,1,391.03153745072274
1983-03-01,,,,,,,,,1983,3,1,391.9513797634691
1983-04-01,,,,,,,,,1983,4,2,392.969776609724
1983-05-01,,,,,,,,,1983,5,2,393.95532194480944
1983-06-01,,,,,,,,,1983,6,2,394.97371879106436
1983-07-01,,,,,,,,,1983,7,3,395.9592641261498
1983-08-01,,,,,,,,,1983,8,3,396.9776609724047
1983-09-01,,,,,,,,972000000.0,1983,9,3,397.99605781865966
1983-10-01,,,,,,,,,1983,10,4,398.981603153745
1983-11-01,,,,,,,,,1983,11,4,400.0
1983-12-01,,,,,,,,,1983,12,4,400.9855453350854
1984-01-01,,,,,,,,,1984,1,1,402.00394218134034
1984-02-01,,,,,,,,,1984,2,1,403.02233902759525
1984-03-01,,,,,,,,,1984,3,1,403.9750328515112
1984-04-01,,,,,,,,0.0,1984,4,2,404.9934296977661
1984-05-01,,,,,,,,,1984,5,2,405.9789750328515
1984-06-01,,,,,,,,,1984,6,2,406.9973718791064
1984-07-01,,,,,,,,0.0,1984,7,3,407.98291721419184
1984-08-01,,,,,,,,,1984,8,3,409.00131406044676
1984-09-01,,,,,,,,,1984,9,3,410.0197109067017
1984-10-01,,,,,,,,,1984,10,4,411.0052562417871
1984-11-01,,,,,,,,,1984,11,4,412.023653088042
1984-12-01,,,,,,,,,1984,12,4,413.00919842312743
1985-01-01,,,,,,,,,1985,1,1,414.0275952693824
1985-02-01,,,,,,,,,1985,2,1,415.0459921156373
1985-03-01,,,,,,,,,1985,3,1,415.9658344283837
1985-04-01,,,,,,,,,1985,4,2,416.9842312746386
1985-05-01,,,,,,,,,1985,5,2,417.969776609724
1985-06-01,,,,,,,,,1985,6,2,418.98817345597894
1985-07-01,,,,,,,,,1985,7,3,419.97371879106436
1985-08-01,,,,,,,,,1985,8,3,420.9921156373193
1985-09-01,,,,,,,,,1985,9,3,422.01051248357425
1985-10-01,,,,,,,,,1985,10,4,422.99605781865966
1985-11-01,,,,,,,,,1985,11,4,424.0144546649146
1985-12-01,,,,,,,,,1985,12,4,425.0
1986-01-01,,,,,,,,0.0,1986,1,1,426.0183968462549
1986-02-01,,,,,,,,,1986,2,1,427.03679369250983
1986-03-01,,,,,,,,,1986,3,1,427.9566360052562
1986-04-01,,,,,,,,,1986,4,2,428.9750328515112
1986-05-01,,,,,,,,,1986,5,2,429.9605781865966
1986-06-01,,,,,,,,,1986,6,2,430.9789750328515
1986-07-01,,,,,,,,,1986,7,3,431.9645203679369
1986-08-01,,,,,,,,1166400000.0,1986,8,3,432.98291721419184
1986-09-01,,,,,,,,,1986,9,3,434.00131406044676
1986-10-01,,,,,,,,2021760000.0,1986,10,4,434.9868593955322
1986-11-01,,,,,,,,0.0,1986,11,4,436.0052562417871
1986-12-01,,,,,,,,,1986,12,4,436.9908015768725
1987-01-01,,,,,,,,,1987,1,1,438.00919842312743
1987-02-01,,,,,,,,,1987,2,1,439.02759526938235
1987-03-01,,,,,,,,,1987,3,1,439.94743758212877
1987-04-01,,,,,,,,,1987,4,2,440.9658344283837
1987-05-01,,,,,,,,,1987,5,2,441.9513797634691
1987-06-01,,,,,,,,222075044280.0,1987,6,2,442.969776609724
1987-07-01,,,,,,,,,1987,7,3,443.95532194480944
1987-08-01,,,,,,,,,1987,8,3,444.97371879106436
1987-09-01,,,,,,,,,1987,9,3,445.9921156373193
1987-10-01,,,,,,,,,1987,10,4,446.9776609724047
1987-11-01,,,,,,,,,1987,11,4,447.99605781865966
1987-12-01,,,,,,,,,1987,12,4,448.981603153745
1988-01-01,,,,,,,,,1988,1,1,450.0
1988-02-01,,,,,,,,,1988,2,1,451.0183968462549
1988-03-01,,,,,,,,,1988,3,1,451.9710906701708
1988-04-01,,,,,,,,0.0,1988,4,2,452.98948751642575
1988-05-01,,,,,,,,,1988,5,2,453.9750328515112
1988-06-01,,,,,,,,,1988,6,2,454.9934296977661
1988-07-01,,,,,,,,0.0,1988,7,3,455.9789750328515
1988-08-01,,,,,,,,592850000.0,1988,8,3,456.9973718791064
1988-09-01,,,,,,,,,1988,9,3,458.01576872536134
1988-10-01,,,,,,,,,1988,10,4,459.00131406044676
1988-11-01,,,,,,,,,1988,11,4,460.0197109067017
1988-12-01,,,,,,,,,1988,12,4,461.0052562417871
1989-01-01,,,,,,,,0.0,1989,1,1,462.023653088042
1989-02-01,,,,,,,,,1989,2,1,463.042049934297
1989-03-01,,,,,,,,0.0,1989,3,1,463.96189224704335
1989-04-01,,,,,,,,,1989,4,2,464.98028909329827
1989-05-01,,,,,,,,,1989,5,2,465.9658344283837
1989-06-01,,,,,,,,81000000000.0,1989,6,2,466.9842312746386
1989-07-01,,,,,,,,,1989,7,3,467.969776609724
1989-08-01,,,,,,,,,1989,8,3,468.98817345597894
1989-09-01,,,,,,,,,1989,9,3,470.0065703022339
1989-10-01,,,,,,,,,1989,10,4,470.9921156373193
1989-11-01,,,,,,,,559291392000.0,1989,11,4,472.01051248357425
1989-12-01,,,,,,,,4499682739320.0,1989,12,4,472.99605781865966
1990-01-01,,,,,,,,,1990,1,1,474.0144546649146
1990-02-01,,,,,,,,,1990,2,1,475.0328515111695
1990-03-01,,,,,,,,,1990,3,1,475.95269382391587
1990-04-01,,,,,,,,,1990,4,2,476.9710906701708
1990-05-01,,,,,,,,,1990,5,2,477.9566360052562
1990-06-01,,,,,,,,113554483200.0,1990,6,2,478.9750328515112
1990-07-01,,,,,,,,,1990,7,3,479.96057818659654
1990-08-01,,,,,,,,,1990,8,3,480.9789750328515
1990-09-01,,,,,,,,,1990,9,3,481.9973718791064
1990-10-01,,,,,,,,236325600000.0,1990,10,4,482.98291721419184
1990-11-01,,,,,,,,0.0,1990,11,4,484.00131406044676
1990-12-01,,,,,,,,,1990,12,4,484.9868593955322
1991-01-01,,,,,,,,,1991,1,1,486.0052562417871
1991-02-01,,,,,,,,,1991,2,1,487.023653088042
1991-03-01,,,,,,,,,1991,3,1,487.94349540078844
1991-04-01,,,,,,,,,1991,4,2,488.96189224704335
1991-05-01,,,,,,,,,1991,5,2,489.94743758212877
1991-06-01,,,,,,,,,1991,6,2,490.9658344283837
1991-07-01,,,,,,,,,1991,7,3,491.9513797634691
1991-08-01,,,,,,,,,1991,8,3,492.969776609724
1991-09-01,,,,,,,,,1991,9,3,493.98817345597894
1991-10-01,,,,,,,,,1991,10,4,494.97371879106436
1991-11-01,,,,,,,,,1991,11,4,495.9921156373193
1991-12-01,,,,,,,,226422000000.0,1991,12,4,496.9776609724047
1992-01-01,,,,,,,,,1992,1,1,497.99605781865966
1992-02-01,,,,,,,,,1992,2,1,499.0144546649146
1992-03-01,,,,,,,,,1992,3,1,499.96714848883045
1992-04-01,,,,,,,,,1992,4,2,500.9855453350854
1992-05-01,,,,,,,,54696472868498.11,1992,5,2,501.9710906701708
1992-06-01,,,,,,,,,1992,6,2,502.98948751642575
1992-07-01,,,,,,,,,1992,7,3,503.9750328515112
1992-08-01,,,,,,,,,1992,8,3,504.9934296977661
1992-09-01,,,,,,,,1403117760.0,1992,9,3,506.011826544021
1992-10-01,,,,,,,,106920000.0,1992,10,4,506.9973718791064
1992-11-01,,,,,,,,0.0,1992,11,4,508.01576872536134
1992-12-01,,,,,,,,,1992,12,4,509.00131406044676
1993-01-01,,,,,,,,5292000000.0,1993,1,1,510.0197109067017
1993-02-01,,,,,,,,,1993,2,1,511.0381077529566
1993-03-01,,,,,,,,,1993,3,1,511.957950065703
1993-04-01,,,,,,,,,1993,4,2,512.9763469119579
1993-05-01,,,,,,,,,1993,5,2,513.9618922470434
1993-06-01,,,,,,,,0.0,1993,6,2,514.9802890932983
1993-07-01,,,,,,,,,1993,7,3,515.9658344283837
1993-08-01,,,,,,,,38608710414336.0,1993,8,3,516.9842312746387
1993-09-01,,,,,,,,,1993,9,3,518.0026281208935
1993-10-01,,,,,,,,,1993,10,4,518.988173455979
1993-11-01,,,,,,,,35068800000.0,1993,11,4,520.0065703022339
1993-12-01,,,,,,,,,1993,12,4,520.9921156373193
1994-01-01,,,,,,,,9062400000.0,1994,1,1,522.0105124835742
1994-02-01,,,,,,,,,1994,2,1,523.0289093298292
1994-03-01,,,,,,,,,1994,3,1,523.9487516425755
1994-04-01,,,,,,,,,1994,4,2,524.9671484888305
1994-05-01,,,,,,,,,1994,5,2,525.9526938239159
1994-06-01,,,,,,,,,1994,6,2,526.9710906701708
1994-07-01,,,,,,,,,1994,7,3,527.9566360052562
1994-08-01,,,,,,,,,1994,8,3,528.9750328515112
1994-09-01,,,,,,,,,1994,9,3,529.993429697766
1994-10-01,,,,,,,,0.0,1994,10,4,530.9789750328515
1994-11-01,,,,,,,,,1994,11,4,531.9973718791064
1994-12-01,,,,,,,,59349254094588.0,1994,12,4,532.9829172141918
1995-01-01,,,,,,,,0.0,1995,1,1,534.0013140604467
1995-02-01,,,,,,,,,1995,2,1,535.0197109067017
1995-03-01,,,,,,,,,1995,3,1,535.939553219448
1995-04-01,,,,,,,,,1995,4,2,536.957950065703
1995-05-01,,,,,,,,,1995,5,2,537.9434954007884
1995-06-01,,,,,,,,,1995,6,2,538.9618922470434
1995-07-01,,,,,,,,,1995,7,3,539.9474375821287
1995-08-01,,,,,,,,,1995,8,3,540.9658344283837
1995-09-01,,,,,,,,0.0,1995,9,3,541.9842312746387
1995-10-01,,,,,,,,,1995,10,4,542.969776609724
1995-11-01,,,,,,,,391089600000.0,1995,11,4,543.988173455979
1995-12-01,,,,,,,,,1995,12,4,544.9737187910644
1996-01-01,,,,,,,,,1996,1,1,545.9921156373193
1996-02-01,,,,,,,,,1996,2,1,547.0105124835742
1996-03-01,,,,,,,,,1996,3,1,547.9632063074902
1996-04-01,,,,,,,,,1996,4,2,548.981603153745
1996-05-01,,,,,,,,,1996,5,2,549.9671484888305
1996-06-01,,,,,,,,2696920032000.0,1996,6,2,550.9855453350854
1996-07-01,,,,,,,,0.0,1996,7,3,551.9710906701708
1996-08-01,,,,,,,,,1996,8,3,552.9894875164257
1996-09-01,,,,,,,,,1996,9,3,554.0078843626807
1996-10-01,,,,,,,,,1996,10,4,554.993429697766
1996-11-01,,,,,,,,,1996,11,4,556.011826544021
1996-12-01,,,,,,,,,1996,12,4,556.9973718791064
1997-01-01,,,,,,,,62863200000.0,1997,1,1,558.0157687253613
1997-02-01,,,,,,,,,1997,2,1,559.0341655716163
1997-03-01,,,,,,,,,1997,3,1,559.9540078843627
1997-04-01,,,,,,,,,1997,4,2,560.9724047306175
1997-05-01,,,,,,,,0.0,1997,5,2,561.957950065703
1997-06-01,,,,,,,,,1997,6,2,562.9763469119579
1997-07-01,,,,,,,,0.0,1997,7,3,563.9618922470434
1997-08-01,,,,,,,,,1997,8,3,564.9802890932983
1997-09-01,,,,,,,,,1997,9,3,565.9986859395532
1997-10-01,,,,,,,,,1997,10,4,566.9842312746387
1997-11-01,,,,,,,,94536000000000.0,1997,11,4,568.0026281208935
1997-12-01,,,,,,,,,1997,12,4,568.988173455979
1998-01-01,,,,,,,,,1998,1,1,570.0065703022339
1998-02-01,,,,,,,,,1998,2,1,571.0249671484888
1998-03-01,,,,,,,,,1998,3,1,571.9448094612352
1998-04-01,,,,,,,,,1998,4,2,572.9632063074902
1998-05-01,,,,,,,,,1998,5,2,573.9487516425755
1998-06-01,,,,,,,,,1998,6,2,574.9671484888305
1998-07-01,,,,,,,,,1998,7,3,575.9526938239159
1998-08-01,,,,,,,,,1998,8,3,576.9710906701708
1998-09-01,,,,,,,,,1998,9,3,577.9894875164257
1998-10-01,,,,,,,,,1998,10,4,578.9750328515112
1998-11-01,,,,,,,,8432812800000.0,1998,11,4,579.993429697766
1998-12-01,,,,,,,,,1998,12,4,580.9789750328515
1999-01-01,,,,,,,,0.0,1999,1,1,581.9973718791064
1999-02-01,,,,,,,,,1999,2,1,583.0157687253613
1999-03-01,,,,,,,,,1999,3,1,583.9356110381077
1999-04-01,,,,,,,,,1999,4,2,584.9540078843627
1999-05-01,,,,,,,,0.0,1999,5,2,585.939553219448
1999-06-01,,,,,,,,31768800000000.0,1999,6,2,586.957950065703
1999-07-01,,,,,,,,5443200.0,1999,7,3,587.9434954007884
1999-08-01,,,,,,,,,1999,8,3,588.9618922470434
1999-09-01,,,,,,,,,1999,9,3,589.9802890932982
1999-10-01,,,,,,,,,1999,10,4,590.9658344283837
1999-11-01,,,,,,,,,1999,11,4,591.9842312746387
1999-12-01,,,,,,,,,1999,12,4,592.969776609724
2000-01-01,,,,,,,,,2000,1,1,593.988173455979
2000-02-01,,,,,,,,,2000,2,1,595.0065703022339
2000-03-01,,,,,,,,,2000,3,1,595.9592641261498
2000-04-01,,,,,,,,,2000,4,2,596.9776609724047
2000-05-01,,,,,,,,,2000,5,2,597.9632063074902
2000-06-01,,,,,,,,,2000,6,2,598.981603153745
2000-07-01,,,,,,,,0.0,2000,7,3,599.9671484888305
2000-08-01,,,,,,,,,2000,8,3,600.9855453350854
2000-09-01,,,,,,,,,2000,9,3,602.0039421813403
2000-10-01,,,,,,,,,2000,10,4,602.9894875164257
2000-11-01,,,,,,,,1.917243e+16,2000,11,4,604.0078843626807
2000-12-01,,,,,,,,,2000,12,4,604.993429697766
2001-01-01,,,,,,,,,2001,1,1,606.011826544021
2001-02-01,,,,,,,,,2001,2,1,607.030223390276
2001-03-01,,,,,,,,,2001,3,1,607.9500657030223
2001-04-01,,,,,,,,0.0,2001,4,2,608.9684625492772
2001-05-01,,,,,,,,,2001,5,2,609.9540078843627
2001-06-01,,,,,,,,,2001,6,2,610.9724047306175
2001-07-01,,,,,,,,0.0,2001,7,3,611.957950065703
2001-08-01,,,,,,,,,2001,8,3,612.9763469119579
2001-09-01,,,,,,,,,2001,9,3,613.9947437582128
2001-10-01,,,,,,,,0.0,2001,10,4,614.9802890932982
2001-11-01,,,,,,,,,2001,11,4,615.9986859395532
2001-12-01,,,,,,,,189000000000000.0,2001,12,4,616.9842312746387
2002-01-01,,,,,,,,,2002,1,1,618.0026281208935
2002-02-01,,,,,,,,,2002,2,1,619.0210249671485
2002-03-01,,,,,,,,,2002,3,1,619.9408672798949
2002-04-01,,,,,,,,,2002,4,2,620.9592641261498
2002-05-01,,,,,,,,0.0,2002,5,2,621.9448094612352
2002-06-01,,,,,,,,0.0,2002,6,2,622.9632063074902
2002-07-01,,,,,,,,,2002,7,3,623.9487516425755
2002-08-01,,,,,,,,,2002,8,3,624.9671484888305
2002-09-01,,,,,,,,,2002,9,3,625.9855453350854
2002-10-01,,,,,,,,0.0,2002,10,4,626.9710906701708
2002-11-01,,,,,,,,,2002,11,4,627.9894875164257
2002-12-01,,,,,,,,,2002,12,4,628.9750328515112
2003-01-01,,,,,,,,0.0,2003,1,1,629.993429697766
2003-02-01,,,,,,,,0.0,2003,2,1,631.011826544021
2003-03-01,,,,,,,,5396836380000000.0,2003,3,1,631.9316688567674
2003-04-01,,,,,,,,,2003,4,2,632.9500657030223
2003-05-01,,,,,,,,,2003,5,2,633.9356110381077
2003-06-01,,,,,,,,,2003,6,2,634.9540078843627
2003-07-01,,,,,,,,,2003,7,3,635.939553219448
2003-08-01,,,,,,,,,2003,8,3,636.957950065703
2003-09-01,,,,,,,,,2003,9,3,637.9763469119579
2003-10-01,,,,,,,,0.0,2003,10,4,638.9618922470434
2003-11-01,,,,,,,,0.0,2003,11,4,639.9802890932982
2003-12-01,,,,,,,,,2003,12,4,640.9658344283837
2004-01-01,,,,,,,,,2004,1,1,641.9842312746387
2004-02-01,,,,,,,,,2004,2,1,643.0026281208935
2004-03-01,,,,,,,,,2004,3,1,643.9553219448094
2004-04-01,,,,,,,,,2004,4,2,644.9737187910644
2004-05-01,,,,,,,,,2004,5,2,645.9592641261497
2004-06-01,,,,,,,,1948460000000.0,2004,6,2,646.9776609724047
2004-07-01,,,,,,,,,2004,7,3,647.9632063074902
2004-08-01,,,,,,,,,2004,8,3,648.981603153745
2004-09-01,,,,,,,,,2004,9,3,650.0
2004-10-01,,,,,,,,,2004,10,4,650.9855453350854
2004-11-01,,,,,,,,,2004,11,4,652.0039421813403
2004-12-01,,,,,,,,8398843200000000.0,2004,12,4,652.9894875164257
2005-01-01,,,,,,,,347544000000000.0,2005,1,1,654.0078843626807
2005-02-01,,,,,,,,,2005,2,1,655.0262812089355
2005-03-01,,,,,,,,,2005,3,1,655.946123521682
2005-04-01,,,,,,,,,2005,4,2,656.9645203679369
2005-05-01,,,,,,,,,2005,5,2,657.9500657030223
2005-06-01,,,,,,,,0.0,2005,6,2,658.9684625492772
2005-07-01,,,,,,,,,2005,7,3,659.9540078843627
2005-08-01,,,,,,,,31088739135382.88,2005,8,3,660.9724047306175
2005-09-01,,,,,,,,,2005,9,3,661.9908015768725
2005-10-01,,,,,,,,,2005,10,4,662.9763469119579
2005-11-01,,,,,,,,,2005,11,4,663.9947437582128
2005-12-01,,,,,,,,0.0,2005,12,4,664.9802890932982
2006-01-01,,,,,,,,0.0,2006,1,1,665.9986859395532
2006-02-01,,,,,,,,0.0,2006,2,1,667.0170827858082
2006-03-01,,,,,,,,0.0,2006,3,1,667.9369250985545
2006-04-01,,,,,,,,,2006,4,2,668.9553219448094
2006-05-01,,,,,,,,0.0,2006,5,2,669.9408672798949
2006-06-01,,,,,,,,2333577600000000.0,2006,6,2,670.9592641261497
2006-07-01,,,,,,,,0.0,2006,7,3,671.9448094612352
2006-08-01,,,,,,,,,2006,8,3,672.9632063074902
2006-09-01,,,,,,,,,2006,9,3,673.981603153745
2006-10-01,,,,,,,,,2006,10,4,674.9671484888305
2006-11-01,,,,,,,,9604800000000.0,2006,11,4,675.9855453350854
2006-12-01,,,,,,,,0.0,2006,12,4,676.9710906701708
2007-01-01,,,,,,,,,2007,1,1,677.9894875164257
2007-02-01,,,,,,,,,2007,2,1,679.0078843626807
2007-03-01,,,,,,,,,2007,3,1,679.927726675427
2007-04-01,,,,,,,,,2007,4,2,680.946123521682
2007-05-01,,,,,,,,,2007,5,2,681.9316688567674
2007-06-01,,,,,,,,6.66745344e+18,2007,6,2,682.9500657030223
2007-07-01,,,,,,,,0.0,2007,7,3,683.9356110381077
2007-08-01,,,,,,,,,2007,8,3,684.9540078843627
2007-09-01,,,,,,,,0.0,2007,9,3,685.9724047306175
2007-10-01,,,,,,,,0.0,2007,10,4,686.957950065703
2007-11-01,,,,,,,,,2007,11,4,687.9763469119579
2007-12-01,,,,,,,,0.0,2007,12,4,688.9618922470434
2008-01-01,,,,,,,,,2008,1,1,689.9802890932982
2008-02-01,,,,,,,,,2008,2,1,690.9986859395532
2008-03-01,,,,,,,,,2008,3,1,691.951379763469
2008-04-01,,,,,,,,,2008,4,2,692.969776609724
2008-05-01,,,,,,,,,2008,5,2,693.9553219448094
2008-06-01,,,,,,,,0.0,2008,6,2,694.9737187910644
2008-07-01,,,,,,,,0.0,2008,7,3,695.9592641261497
2008-08-01,,,,,,,,,2008,8,3,696.9776609724047
2008-09-01,,,,,,,,,2008,9,3,697.9960578186597
2008-10-01,,,,,,,,,2008,10,4,698.981603153745
2008-11-01,,,,,,,,0.0,2008,11,4,700.0
2008-12-01,,,,,,,,3229200000.0,2008,12,4,700.9855453350854
2009-01-01,,,,,,,,278721000000000.0,2009,1,1,702.0039421813403
2009-02-01,,,,,,,,,2009,2,1,703.0223390275952
2009-03-01,,,,,,,,,2009,3,1,703.9421813403417
2009-04-01,,,,,,,,0.0,2009,4,2,704.9605781865965
2009-05-01,,,,,,,,,2009,5,2,705.946123521682
2009-06-01,,,,,,,,2000000000000000.0,2009,6,2,706.9645203679369
2009-07-01,,,,,,,,,2009,7,3,707.9500657030223
2009-08-01,,,,,,,,306000000000000.0,2009,8,3,708.9684625492772
2009-09-01,,,,,,,,41508000000000.0,2009,9,3,709.9868593955322
2009-10-01,,,,,,,,,2009,10,4,710.9724047306175
2009-11-01,,,,,,,,2.73351868416e+16,2009,11,4,711.9908015768725
2009-12-01,,,,,,,,,2009,12,4,712.9763469119579
2010-01-01,,,,,,,,0.0,2010,1,1,713.9947437582128
2010-02-01,,,,,,,,,2010,2,1,715.0131406044678
2010-03-01,,,,,,,,130788000000000.0,2010,3,1,715.9329829172142
2010-04-01,,,,,,,,,2010,4,2,716.951379763469
2010-05-01,,,,,,,,700000000000000.0,2010,5,2,717.9369250985545
2010-06-01,,,,,,,,2160000000000000.0,2010,6,2,718.9553219448094
2010-07-01,,,,,,,,,2010,7,3,719.9408672798949
2010-08-01,,,,,,,,,2010,8,3,720.9592641261497
2010-09-01,,,,,,,,3.13734802711936e+17,2010,9,3,721.9776609724047
2010-10-01,,,,,,,,,2010,10,4,722.9632063074902
2010-11-01,,,,,,,,,2010,11,4,723.981603153745
2010-12-01,,,,,,,,,2010,12,4,724.9671484888305
2011-01-01,,,,,,,,,2011,1,1,725.9855453350854
2011-02-01,,,,,,,,,2011,2,1,727.0039421813403
2011-03-01,,,,,,,,,2011,3,1,727.9237844940867
2011-04-01,,,,,,,,1.1018592e+17,2011,4,2,728.9421813403417
2011-05-01,,,,,,,,,2011,5,2,729.927726675427
2011-06-01,,,,,,,,0.0,2011,6,2,730.946123521682
2011-07-01,,,,,,,,5.1597e+16,2011,7,3,731.9316688567674
2011-08-01,,,,,,,,,2011,8,3,732.9500657030223
2011-09-01,,,,,,,,2.08e+17,2011,9,3,733.9684625492772
2011-10-01,,,,,,,,1983962851200000.0,2011,10,4,734.9540078843627
2011-11-01,,,,,,,,0.0,2011,11,4,735.9724047306175
2011-12-01,,,,,,,,,2011,12,4,736.957950065703
2012-01-01,,,,,,,,,2012,1,1,737.9763469119579
2012-02-01,,,,,,,,1.57e+16,2012,2,1,738.9947437582128
2012-03-01,,,,,,,,,2012,3,1,739.9474375821287
2012-04-01,,,,,,,,,2012,4,2,740.9658344283837
2012-05-01,,,,,,,,,2012,5,2,741.951379763469
2012-06-01,,,,,,,,8.407085416e+17,2012,6,2,742.969776609724
2012-07-01,,,,,,,,1.8e+18,2012,7,3,743.9553219448094
2012-08-01,,,,,,,,,2012,8,3,744.9737187910644
2012-09-01,,,,,,,,1.4432e+18,2012,9,3,745.9921156373193
2012-10-01,,,,,,,,,2012,10,4,746.9776609724047
2012-11-01,,,,,,,,,2012,11,4,747.9960578186597
2012-12-01,,,,,,,,2.0568e+18,2012,12,4,748.981603153745
2013-01-01,,,,,,,,7.838208e+18,2013,1,1,750.0
2013-02-01,,,,,,,,0.0,2013,2,1,751.0183968462549
2013-03-01,,,,,,,,0.0,2013,3,1,751.9382391590012
2013-04-01,,,,,,,,0.0,2013,4,2,752.9566360052562
2013-05-01,,,,,,,,2.5546752e+17,2013,5,2,753.9421813403417
2013-06-01,,,,,,,,90842400000000.0,2013,6,2,754.9605781865965
2013-07-01,,,,,,,,,2013,7,3,755.946123521682
2013-08-01,,,,,,,,4.7970376e+17,2013,8,3,756.9645203679369
2013-09-01,,,,,,,,1.37e+17,2013,9,3,757.9829172141918
2013-10-01,,,,,,,,1.248624e+17,2013,10,4,758.9684625492772
2013-11-01,,,,,,,,1.596e+18,2013,11,4,759.9868593955322
2013-12-01,,,,,,,,4.02942816768e+18,2013,12,4,760.9724047306175
2014-01-01,,,,,,,,0.0,2014,1,1,761.9908015768725
2014-02-01,,,,,,,,0.0,2014,2,1,763.0091984231275
2014-03-01,,,,,,,,0.0,2014,3,1,763.9290407358739
2014-04-01,,,,,,,,,2014,4,2,764.9474375821287
2014-05-01,,,,,,,,0.0,2014,5,2,765.9329829172142
2014-06-01,,,,,,,,1.1270016e+19,2014,6,2,766.951379763469
2014-07-01,,,,,,,,1.3815276e+17,2014,7,3,767.9369250985545
2014-08-01,,,,,,,,0.0,2014,8,3,768.9553219448094
2014-09-01,,,,,,,,2.45689566069e+20,2014,9,3,769.9737187910644
2014-10-01,,,,,,,,,2014,10,4,770.9592641261497
2014-11-01,,,,,,,,2.1708e+16,2014,11,4,771.9776609724047
2014-12-01,,,,,,,,8.930012499626002e+20,2014,12,4,772.9632063074902
2015-01-01,,,,,,,,0.0,2015,1,1,773.981603153745
2015-02-01,,,,,,,,7.192209024e+19,2015,2,1,775.0
2015-03-01,,,,,,,,6.8306902e+16,2015,3,1,775.9198423127464
2015-04-01,,,,,,,,3.8820384e+17,2015,4,2,776.9382391590012
2015-05-01,,,,,,,,1.01664504e+17,2015,5,2,777.9237844940867
2015-06-01,,,,,,,,0.0,2015,6,2,778.9421813403417
2015-07-01,,,,,,,,3340000000000000.0,2015,7,3,779.927726675427
2015-08-01,,,,,,,,9.6462382e+17,2015,8,3,780.946123521682
2015-09-01,,,,,,,,0.0,2015,9,3,781.9645203679369
2015-10-01,,,,,,,,1.1769332437500001e+21,2015,10,4,782.9500657030223
2015-11-01,,,,,,,,0.0,2015,11,4,783.9684625492772
2015-12-01,,,,,,,,3.86847932288e+20,2015,12,4,784.9540078843627
2016-01-01,,,,,,,,5.7e+21,2016,1,1,785.9724047306175
2016-02-01,,,,,,,,2.9231009900000002e+20,2016,2,1,786.9908015768725
2016-03-01,,,,,,,,1.938816e+17,2016,3,1,787.9434954007884
2016-04-01,,,,,,,,0.0,2016,4,2,788.9618922470434
2016-05-01,,,,,,,,1.454112e+17,2016,5,2,789.9474375821287
2016-06-01,,,,,,,,1.43871552e+18,2016,6,2,790.9658344283837
2016-07-01,,,,,,,,1.3157e+17,2016,7,3,791.951379763469
2016-08-01,,,,,,,,6.448896e+16,2016,8,3,792.969776609724
2016-09-01,,,,,,,,1.9919623898003e+22,2016,9,3,793.988173455979
2016-10-01,,,,,,,,1.3080364400000002e+21,2016,10,4,794.9737187910644
2016-11-01,,,,,,,,6.7590008288e+21,2016,11,4,795.9921156373193
2016-12-01,,,,,,,,1.441862464e+19,2016,12,4,796.9776609724047
2017-01-01,,,,,,,,2.1737750328e+20,2017,1,1,797.9960578186597
2017-02-01,,,,,,,,0.0,2017,2,1,799.0144546649145
2017-03-01,,,,,,,,4.7e+17,2017,3,1,799.9342969776609
2017-04-01,,,,,,,,0.0,2017,4,2,800.9526938239159
2017-05-01,,,,,,,,0.0,2017,5,2,801.9382391590012
2017-06-01,,,,,,,,1.48490496e+19,2017,6,2,802.9566360052562
2017-07-01,,,,,,,,2.6429768048e+21,2017,7,3,803.9421813403417
2017-08-01,,,,,,,,2.9217315507776006e+21,2017,8,3,804.9605781865965
2017-09-01,,,,,,,,1.784e+16,2017,9,3,805.9789750328515
2017-10-01,,,,,,,,2.631001230890681e+21,2017,10,4,806.9645203679369
2017-11-01,,,,,,,,6.72e+18,2017,11,4,807.9829172141918
2017-12-01,,,,,,,,2.7829174002000003e+20,2017,12,4,808.9684625492772
2018-01-01,,,,,,,,2.992849e+17,2018,1,1,809.9868593955322
2018-02-01,,,,,,,,7.2270090804e+20,2018,2,1,811.005256241787
2018-03-01,,,,,,,,3.44831763e+19,2018,3,1,811.9250985545335
2018-04-01,,,,,,,,4.5153785648e+19,2018,4,2,812.9434954007884
2018-05-01,,,,,,,,2.6232632920000002e+22,2018,5,2,813.9290407358739
2018-06-01,,,,,,,,4.942991286e+19,2018,6,2,814.9474375821287
2018-07-01,,,,,,,,1.341383936e+20,2018,7,3,815.9329829172142
2018-08-01,,,,,,,,1.17395413e+21,2018,8,3,816.951379763469
2018-09-01,,,,,,,,3.7115516476e+21,2018,9,3,817.969776609724
2018-10-01,,,,,,,,5.7587593888e+20,2018,10,4,818.9553219448094
2018-11-01,,,,,,,,4.6044697328e+20,2018,11,4,819.9737187910644
2018-12-01,,,,,,,,1.039773e+17,2018,12,4,820.9592641261497
2019-01-01,,,,,,,,7.6198308016e+20,2019,1,1,821.9776609724047
2019-02-01,,,,,,,,1.9168030200144e+22,2019,2,1,822.9960578186597
2019-03-01,,,,,,,,2.0053696e+20,2019,3,1,823.915900131406
2019-04-01,,,,,,,,2.2491129325671214e+21,2019,4,2,824.9342969776609
2019-05-01,,,,,,,,1.22860526e+22,2019,5,2,825.9198423127464
2019-06-01,,,,,,,,1.961156646e+22,2019,6,2,826.9382391590012
2019-07-01,,,,,,,,2.7067898382021103e+22,2019,7,3,827.9237844940867
2019-08-01,,,,,,,,7.6095936e+19,2019,8,3,828.9421813403417
2019-09-01,,,,,,,,1.1861663976e+23,2019,9,3,829.9605781865965
2019-10-01,,,,,,,,5.578166849683e+23,2019,10,4,830.946123521682
2019-11-01,,,,,,,,1.42617419426e+23,2019,11,4,831.9645203679369
2019-12-01,,,,,,,,2.28603821972964e+23,2019,12,4,832.9500657030223
2020-01-01,,,,,,,,4.6452000000000005e+23,2020,1,1,833.9684625492772
2020-02-01,,,,,,,,3.6249361785999996e+22,2020,2,1,834.9868593955322
2020-03-01,,,,,,,,8.218938876307e+21,2020,3,1,835.939553219448
2020-04-01,,,,,,,,1.30056421940023e+21,2020,4,2,836.957950065703
2020-05-01,,,,,,,,1.268836041204596e+24,2020,5,2,837.9434954007884
2020-06-01,,,,,,,,2.7564758e+23,2020,6,2,838.9618922470434
2020-07-01,,,,,,,,3e+20,2020,7,3,839.9474375821287
2020-08-01,,,,,,,,1.686055646e+22,2020,8,3,840.9658344283837
2020-09-01,,,,,,,,1.944e+19,2020,9,3,841.9842312746385
2020-10-01,,,,,,,,3.188789411966e+23,2020,10,4,842.969776609724
2020-11-01,,,,,,,,9.3025104e+21,2020,11,4,843.988173455979
2020-12-01,,,,,,,,1.3304520136e+22,2020,12,4,844.9737187910644
2021-01-01,,,,,,,,3.63303085604741e+23,2021,1,1,845.9921156373193
2021-02-01,,,,,,,,1.1100896838399998e+22,2021,2,1,847.0105124835742
2021-03-01,,,,,,,,1.801331491365628e+23,2021,3,1,847.9303547963206
2021-04-01,,,,,,,,1.233574797734e+23,2021,4,2,848.9487516425755
2021-05-01,,,,,,,,5.10760453908603e+24,2021,5,2,849.9342969776609
2021-06-01,,,,,,,,3.597172989513937e+23,2021,6,2,850.9526938239159
2021-07-01,,,,,,,,2.87200734832e+23,2021,7,3,851.9382391590012
2021-08-01,,,,,,,,1.56970708872e+24,2021,8,3,852.9566360052562
2021-09-01,,,,,,,,7.32782128204e+24,2021,9,3,853.9750328515112
2021-10-01,,,,,,,,4.872881202966041e+24,2021,10,4,854.9605781865965
2021-11-01,,,,,,,,2.0016113895e+23,2021,11,4,855.9789750328515
2021-12-01,,,,,,,,1.3093042615349437e+25,2021,12,4,856.9645203679369
2022-01-01,,907.0,1886.0,2793.0,244.86,1067591645.0,,6.604685429488e+23,2022,1,1,857.9829172141918
2022-02-01,,1105.0,2501.0,3606.0,243.85,1064192509.0,-0.004124806011598592,2.871975495680003e+24,2022,2,1,859.0013140604467
2022-03-01,,1268.0,2482.0,3750.0,272.86,1163311421.0,0.11896657781423015,1.7967304480304002e+24,2022,3,1,859.9211563731932
2022-04-01,,1094.0,1976.0,3070.0,185.47,1109910745.0,-0.3202741332551492,1.1682137968000002e+25,2022,4,2,860.939553219448
2022-05-01,,1432.0,2721.0,4153.0,186.72,1383046898.0,0.006739634442227915,2.41088443244e+24,2022,5,2,861.9250985545335
2022-06-01,,1362.0,2903.0,4265.0,151.59,1055676405.0,-0.18814267352185088,1.4627339747900212e+25,2022,6,2,862.9434954007884
2022-07-01,,1182.0,2141.0,3323.0,181.63,1056635538.0,0.19816610594366368,1.364060436949401e+24,2022,7,3,863.9290407358739
2022-08-01,,943.0,1890.0,2833.0,150.94,1206915173.0,-0.16896988382976375,3.53194891605e+24,2022,8,3,864.9474375821287
2022-09-01,,1205.0,2226.0,3431.0,121.39,1312616395.0,-0.19577315489598512,6.14594532600001e+23,2022,9,3,865.9658344283837
2022-10-01,,1730.0,3267.0,4997.0,134.97,1255185787.0,0.11187082955762406,1.53318771460766e+25,2022,10,4,866.951379763469
2022-11-01,,1423.0,2700.0,4123.0,169.23,1060101416.0,0.2538341853745276,1.1320660407347239e+25,2022,11,4,867.969776609724
2022-12-01,,1153.0,2025.0,3178.0,146.14,894615121.0,-0.13644152927967856,8.906677369416e+23,2022,12,4,868.9553219448094
2023-01-01,,1054.0,1963.0,3017.0,195.37,945495814.0,0.3368687559874095,2.0050103456001998e+23,2023,1,1,869.9737187910644
2023-02-01,,1461.0,2659.0,4120.0,232.16,1039409020.0,0.18830936172390844,2.89387984010002e+24,2023,2,1,870.9921156373193
2023-03-01,,1634.0,2725.0,4359.0,277.77,1126657651.0,0.196459338387319,8.7696004679712e+25,2023,3,1,871.9119579500657
2023-04-01,,1352.0,2194.0,3546.0,277.49,742662535.0,-0.0010080282247901806,1.2324883223902848e+25,2023,4,2,872.9303547963206
2023-05-01,,2381.0,3434.0,5815.0,378.34,1169406527.0,0.3634365202349632,3.194280078204e+25,2023,5,2,873.915900131406
2023-06-01,,1905.0,3194.0,5099.0,423.02,1052802408.0,0.11809483533329801,2.637564487929507e+24,2023,6,2,874.9342969776609
2023-07-01,37.53,1643.0,2455.0,4098.0,467.29,870901174.0,0.10465226230438285,2.430912780000001e+25,2023,7,3,875.9198423127464
2023-08-01,,1808.0,2351.0,4159.0,493.55,1363638357.0,0.05619636628218028,6.00838954578e+24,2023,8,3,876.9382391590012
2023-09-01,30.880000000000003,1864.0,2622.0,4486.0,434.99,858010319.0,-0.11865059264512212,4.06358682636e+25,2023,9,3,877.9566360052562
2023-10-01,32.97,2520.0,3759.0,6279.0,407.8,1014241343.0,-0.06250718407319711,5.48644920346002e+24,2023,10,4,878.9421813403416
2023-11-01,37.24,2140.0,2868.0,5008.0,467.7,914975019.0,0.14688572829818525,6.2490663774782e+25,2023,11,4,879.9605781865965
2023-12-01,30.84,2084.0,2794.0,4878.0,495.22,739627720.0,0.058841137481291605,2.08467729415e+26,2023,12,4,880.946123521682
2024-01-01,37.9,1954.0,2449.0,4403.0,615.27,969880029.0,0.24241751140907053,6.173345434304001e+24,2024,1,1,881.9645203679369
2024-02-01,40.85,2755.0,3970.0,6725.0,791.12,1107789923.0,0.2858094820160255,5.803251735184811e+25,2024,2,1,882.9829172141918
2024-03-01,42.29,2575.0,3170.0,5745.0,903.56,1210961732.0,0.14212761654363426,8.339614098916e+25,2024,3,1,883.9356110381077
2024-04-01,45.66,2416.0,2779.0,5195.0,864.02,1004973847.0,-0.04376023728363354,6.290188434633201e+25,2024,4,2,884.9540078843627
2024-05-01,38.23,2806.0,3789.0,6595.0,1096.33,964797076.0,0.2688710909469687,2.059039436111602e+25,2024,5,2,885.939553219448
2024-06-01,40.73,3251.0,3785.0,7036.0,123.54,5234031077.0,-0.8873149507903642,2.2141717400821445e+26,2024,6,2,886.957950065703
2024-07-01,39.77,2692.0,2910.0,5602.0,117.02,6407092755.0,-0.052776428687065,2.4992829615515263e+26,2024,7,3,887.9434954007884
2024-08-01,47.870000000000005,2385.0,2550.0,4935.0,119.37,8105367559.0,0.02008203725858837,1.2960513441699998e+26,2024,8,3,888.9618922470434
2024-09-01,43.73,2646.0,2963.0,5609.0,121.44,6268619540.0,0.01734104046242768,8.681137374654323e+25,2024,9,3,889.9802890932982
2024-10-01,37.93,3812.0,4830.0,8642.0,132.76,5628704792.0,0.09321475625823439,1.0503089786296e+26,2024,10,4,890.9658344283837
2024-11-01,,2651.0,3250.0,5901.0,138.25,4498075137.0,0.0413528171135884,1.3268346087813e+25,2024,11,4,891.9842312746385
2024-12-01,52.8,3074.0,3335.0,6409.0,134.29,4086168557.0,-0.0286437613019892,6.947315281124e+25,2024,12,4,892.969776609724
2025-01-01,,2485.0,3000.0,5485.0,120.07,5950612536.0,-0.10589023754561022,3.670877551296e+25,2025,1,1,893.9881734559789
2025-02-01,,3756.0,4336.0,8092.0,124.92,4756110221.0,0.0403931040226535,2.3827871888948004e+27,2025,2,1,895.0065703022339
2025-03-01,,3403.0,3678.0,7081.0,108.38,6175538770.0,-0.1324047390329811,1.460071953327e+26,2025,3,1,895.9264126149802
2025-04-01,,3024.0,3015.0,6039.0,108.92,6811006433.0,0.004982469090238029,3.4453622435726336e+26,2025,4,2,896.9448094612352
2025-05-01,,4799.0,5053.0,9852.0,135.13,4759246184.0,0.2406353286816012,2.25358727371e+25,2025,5,2,897.9303547963206
2025-06-01,,3947.0,4002.0,7949.0,157.99,3822309699.0,0.16917042847628228,2.74975258884e+25,2025,6,2,898.9487516425755
2025-07-01,,3468.0,3413.0,6881.0,177.87,3596804483.0,0.1258307487815684,2.0263012467609798e+27,2025,7,3,899.9342969776609
2025-08-01,,3817.0,3346.0,7163.0,174.18,3609134562.0,-0.020745488277955748,2.583260653202e+26,2025,8,3,900.9526938239159
2025-09-01,,4230.0,4182.0,8412.0,186.58,3887536545.0,0.07119072224135947,1.018305748e+26,2025,9,3,901.9710906701708
2025-10-01,,,,,202.49,4031017222.0,0.08527173330474858,3.2357715942976004e+25,2025,10,4,902.9566360052562
